{"time(m)": 385.1405678232511, "iteration": 199, "timesteps": 10240000.0, "learning_rate": 0.003, "true/reward": 8994.725000000002, "true/reward_std": 3004.7979175095024, "true/cost": 0.02530459231490159, "true/samples_infront": 0.0, "true/samples_behind": 0.0, "true/forward_kl": -1.571616768836975, "true/reverse_kl": 0.5619070529937744, "best_true/best_reward": 9997.375, "best_true/best_cost": 0.002638522427440633, "best_true/best_forward_kl": -18.863128662109375, "best_true/best_reverse_kl": 0.059290509670972824, "forward/learning_rate": 0.0003, "forward/entropy_loss": -0.014877392200287432, "forward/policy_gradient_loss": -0.003810575098949812, "forward/reward_value_loss": 5496733.198958334, "forward/cost_value_loss": 0.061736993503614536, "forward/approx_kl": 0.024989053606987, "forward/clip_fraction": 0.0052517361111111115, "forward/loss": 2216851.0, "forward/mean_reward_advantages": -1829.6136474609375, "forward/mean_cost_advantages": -0.050997234880924225, "forward/reward_explained_variance": -578260500479.0, "forward/cost_explained_variance": 0.8825748562812805, "forward/nu": 50.5394287109375, "forward/nu_loss": -1.241629719734192, "forward/average_cost": 0.024608392268419266, "forward/total_cost": 251.9899444580078, "forward/early_stop_epoch": 8, "forward/n_updates": 10000, "forward/clip_range": 0.2, "time/iterations": 6, "time/fps": 448, "time/time_elapsed": 114, "time/total_timesteps": 51200, "rollout/ep_rew_mean": 6791.22250003, "rollout/ep_len_mean": 77.92, "backward/cn_loss": -0.25074195861816406, "backward/expert_loss": -0.0037642098031938076, "backward/unweighted_nominal_loss": -0.2879219949245453, "backward/nominal_loss": -0.2545061707496643, "backward/regularizer_loss": 0.0, "backward/is_mean": 0.9379018545150757, "backward/is_max": 1.2748537063598633, "backward/is_min": 0.09136255830526352, "backward/nominal_preds_max": 1.0, "backward/nominal_preds_min": 5.254414304779178e-16, "backward/nominal_preds_mean": 0.9693520069122314, "backward/expert_preds_max": 1.0, "backward/expert_preds_min": 0.9745787978172302, "backward/expert_preds_mean": 0.9962731599807739, "backward/kl_old_new": 0.5277705192565918, "backward/kl_new_old": 0.44020429253578186, "backward/early_stop_itr": 20, "_timestamp": 1656446333, "_runtime": 23131, "_step": 199, "_wandb": {"runtime": 23132}}