{"time(m)": 42.10584330558777, "iteration": 39, "timesteps": 2048000.0, "learning_rate": 0.003, "true/reward": -2.816666666666667, "true/reward_std": 0.3179797338056485, "true/cost": 0.08, "true/samples_infront": 0.0, "true/samples_behind": 0.0, "true/forward_kl": -0.011192920617759228, "true/reverse_kl": -0.02468307688832283, "best_true/best_reward": -2.533333333333333, "best_true/best_cost": 0.002104524728165556, "best_true/best_forward_kl": -7.92095422744751, "best_true/best_reverse_kl": -0.3455892503261566, "forward/learning_rate": 0.0003, "forward/entropy_loss": -0.0015157620444847452, "forward/policy_gradient_loss": -1.2065920872507216e-05, "forward/reward_value_loss": 0.019989623673754977, "forward/cost_value_loss": 3.96595141502587e-06, "forward/approx_kl": 0.0016173099866136909, "forward/clip_fraction": 0.0004296875, "forward/loss": 0.005918252747505903, "forward/mean_reward_advantages": 0.002439595991745591, "forward/mean_cost_advantages": -3.238283534301445e-05, "forward/reward_explained_variance": 0.9774507880210876, "forward/cost_explained_variance": 0.8719010651111603, "forward/nu": 12.124229431152344, "forward/nu_loss": -0.019317781552672386, "forward/average_cost": 0.0015934056136757135, "forward/total_cost": 16.31647300720215, "forward/early_stop_epoch": 10, "forward/n_updates": 2000, "forward/clip_range": 0.2, "time/iterations": 6, "time/fps": 763, "time/time_elapsed": 67, "time/total_timesteps": 51200, "rollout/ep_rew_mean": -2.85749985, "rollout/ep_len_mean": 8.97, "backward/cn_loss": 0.0003398547414690256, "backward/expert_loss": -0.0014573957305401564, "backward/unweighted_nominal_loss": -0.00111751863732934, "backward/nominal_loss": -0.0011175409890711308, "backward/regularizer_loss": 0.0, "backward/is_mean": 1.0000050067901611, "backward/is_max": 1.0001486539840698, "backward/is_min": 0.9999604225158691, "backward/nominal_preds_max": 0.9999226331710815, "backward/nominal_preds_min": 0.9932588338851929, "backward/nominal_preds_mean": 0.9988755583763123, "backward/expert_preds_max": 0.9999998807907104, "backward/expert_preds_min": 0.9932588338851929, "backward/expert_preds_mean": 0.9985371232032776, "backward/kl_old_new": -0.0002570986107457429, "backward/kl_new_old": 5.560521376679617e-09, "backward/early_stop_itr": 20, "_timestamp": 1656586111, "_runtime": 2540, "_step": 39, "_wandb": {"runtime": 2541}}