{"time(m)": 19.36536648273468, "iteration": 19, "timesteps": 1024000.0, "learning_rate": 0.003, "true/reward": -145.0, "true/reward_std": 7.637626158259703, "true/cost": 0.0, "true/samples_infront": 0.0, "true/samples_behind": 0.0, "true/forward_kl": -28.267229080200195, "true/reverse_kl": 34.467811584472656, "best_true/best_reward": -2.6, "best_true/best_cost": 0.0, "best_true/best_forward_kl": -28.267229080200195, "best_true/best_reverse_kl": 1.4395698308944702, "forward/learning_rate": 0.0003, "forward/entropy_loss": -7.520428292795423e-07, "forward/policy_gradient_loss": 5.217915249270538e-10, "forward/reward_value_loss": 93.29689956188201, "forward/cost_value_loss": 55.14235812723636, "forward/approx_kl": 0.0, "forward/clip_fraction": 0.0, "forward/loss": 143.40428161621094, "forward/mean_reward_advantages": 0.16893579065799713, "forward/mean_cost_advantages": 0.3602733016014099, "forward/reward_explained_variance": -12.556686401367188, "forward/cost_explained_variance": -3.910356044769287, "forward/nu": 9.908400535583496, "forward/nu_loss": -5.5656328201293945, "forward/average_cost": 0.5679613351821899, "forward/total_cost": 5815.92431640625, "forward/early_stop_epoch": 10, "forward/n_updates": 1000, "forward/clip_range": 0.2, "time/iterations": 6, "time/fps": 690, "time/time_elapsed": 74, "time/total_timesteps": 51200, "rollout/ep_rew_mean": -141.83333317000003, "rollout/ep_len_mean": 200.0, "backward/cn_loss": -0.7148761749267578, "backward/expert_loss": -0.13479354977607727, "backward/unweighted_nominal_loss": -0.8496702313423157, "backward/nominal_loss": -0.8496697545051575, "backward/regularizer_loss": 0.0, "backward/is_mean": 3.9887558533902023e-11, "backward/is_max": 6.81039113992199e-11, "backward/is_min": 2.2878874901370583e-14, "backward/nominal_preds_max": 0.8009937405586243, "backward/nominal_preds_min": 0.3317798972129822, "backward/nominal_preds_mean": 0.4486888647079468, "backward/expert_preds_max": 0.9908168315887451, "backward/expert_preds_min": 0.34941717982292175, "backward/expert_preds_mean": 0.8941529393196106, "backward/kl_old_new": 11.512925148010254, "backward/kl_new_old": 4.336808754565503e-20, "backward/early_stop_itr": 1, "_timestamp": 1657102906, "_runtime": 1172, "_step": 19, "_wandb": {"runtime": 1173}}