{"time(m)": 46.93115691343943, "iteration": 49, "timesteps": 2560000.0, "learning_rate": 0.003, "true/reward": -2.000000000000001, "true/reward_std": 4.440892098500626e-16, "true/cost": 0.00175, "true/samples_infront": 0.0, "true/samples_behind": 0.0, "true/forward_kl": -0.01267755962908268, "true/reverse_kl": -0.01458888128399849, "best_true/best_reward": 0.3419999999999997, "best_true/best_cost": 0.0015, "best_true/best_forward_kl": -1.0845110416412354, "best_true/best_reverse_kl": -0.9932140111923218, "forward/learning_rate": 0.0003, "forward/entropy_loss": -4.6632582109928934e-05, "forward/policy_gradient_loss": -6.395719613269441e-08, "forward/reward_value_loss": 0.12432923633023166, "forward/cost_value_loss": 3.9987592761425714e-05, "forward/approx_kl": -8.449424058198929e-06, "forward/clip_fraction": 0.0, "forward/loss": 0.0334671251475811, "forward/mean_reward_advantages": 0.029827892780303955, "forward/mean_cost_advantages": 0.0004593801568262279, "forward/reward_explained_variance": -38.486270904541016, "forward/cost_explained_variance": 0.633095383644104, "forward/nu": 40.58659744262695, "forward/nu_loss": -0.057327453047037125, "forward/average_cost": 0.0014126664027571678, "forward/total_cost": 14.465703964233398, "forward/early_stop_epoch": 10, "forward/n_updates": 2500, "forward/clip_range": 0.2, "time/iterations": 6, "time/fps": 668, "time/time_elapsed": 76, "time/total_timesteps": 51200, "rollout/ep_rew_mean": -2.0, "rollout/ep_len_mean": 200.0, "backward/cn_loss": 0.0011096564121544361, "backward/expert_loss": -0.0011748799588531256, "backward/unweighted_nominal_loss": -6.485497578978539e-05, "backward/nominal_loss": -6.522351031890139e-05, "backward/regularizer_loss": 0.0, "backward/is_mean": 0.9999995827674866, "backward/is_max": 1.004930019378662, "backward/is_min": 0.9973465204238892, "backward/nominal_preds_max": 1.0, "backward/nominal_preds_min": 0.9581753611564636, "backward/nominal_preds_mean": 0.9999268054962158, "backward/expert_preds_max": 1.0, "backward/expert_preds_min": 0.9582937359809875, "backward/expert_preds_mean": 0.9988397359848022, "backward/kl_old_new": -0.002660208847373724, "backward/kl_new_old": 1.304520083067473e-05, "backward/early_stop_itr": 20, "_timestamp": 1657031237, "_runtime": 2830, "_step": 49, "_wandb": {"runtime": 2831}}