{"time(m)": 25.672339896361034, "iteration": 19, "timesteps": 1024000.0, "true/reward": 9994.5, "true/reward_std": 0.0, "true/cost": 0.08333333333333333, "true/samples_infront": 0.5, "true/samples_behind": 0.0, "true/forward_kl": -1.3629612922668457, "true/reverse_kl": 1.2769252061843872, "best_true/best_reward": 9994.5, "best_true/best_cost": 0.0, "best_true/best_forward_kl": -1.3629612922668457, "best_true/best_reverse_kl": 0.3213110864162445, "forward/learning_rate": 0.0003, "forward/entropy_loss": -0.290824175812304, "forward/policy_gradient_loss": -0.000925211747627868, "forward/reward_value_loss": 0.0038825265222840245, "forward/cost_value_loss": 0.005376103024900658, "forward/approx_kl": 0.029192667454481125, "forward/clip_fraction": 0.12578125, "forward/loss": -0.0007567643187940121, "forward/mean_reward_advantages": 0.18867385387420654, "forward/mean_cost_advantages": -0.17187277972698212, "forward/reward_explained_variance": 0.650175929069519, "forward/cost_explained_variance": 0.838382288813591, "forward/nu": 10.960261344909668, "forward/nu_loss": -5.784794330596924, "forward/average_cost": 0.532876193523407, "forward/total_cost": 5456.65234375, "forward/early_stop_epoch": 0, "forward/n_updates": 1000, "forward/clip_range": 0.2, "time/iterations": 6, "time/fps": 964, "time/time_elapsed": 53, "time/total_timesteps": 51200, "rollout/ep_rew_mean": 9994.44500001, "rollout/ep_len_mean": 12.12, "_step": 19, "_runtime": 1544, "_timestamp": 1654766684}