{"time(m)": 110.44001639286677, "iteration": 79, "timesteps": 4096000.0, "learning_rate": 0.003, "true/reward": -135.00000000000006, "true/reward_std": 4.9999999999999805, "true/cost": 0.0, "true/samples_infront": 0.0, "true/samples_behind": 0.0, "true/forward_kl": -65.23709106445312, "true/reverse_kl": 65.59220123291016, "best_true/best_reward": -2.525, "best_true/best_cost": 0.0, "best_true/best_forward_kl": -66.48566436767578, "best_true/best_reverse_kl": 0.31728947162628174, "forward/learning_rate": 0.0003, "forward/entropy_loss": -1.0573201568497836e-07, "forward/policy_gradient_loss": 2.6565234411400107e-09, "forward/reward_value_loss": 92.65538846969605, "forward/cost_value_loss": 187.13631820201874, "forward/approx_kl": 0.0, "forward/clip_fraction": 0.0, "forward/loss": 102.63848876953125, "forward/mean_reward_advantages": 0.2546512484550476, "forward/mean_cost_advantages": -0.30929702520370483, "forward/reward_explained_variance": -9.954524040222168, "forward/cost_explained_variance": -756.5711059570312, "forward/nu": 43.25118637084961, "forward/nu_loss": -43.13883590698242, "forward/average_cost": 0.9999998807907104, "forward/total_cost": 10239.9990234375, "forward/early_stop_epoch": 10, "forward/n_updates": 4000, "forward/clip_range": 0.2, "time/iterations": 6, "time/fps": 594, "time/time_elapsed": 86, "time/total_timesteps": 51200, "rollout/ep_rew_mean": -141.16666649, "rollout/ep_len_mean": 200.0, "backward/cn_loss": -10.100079536437988, "backward/expert_loss": -1.4091274738311768, "backward/unweighted_nominal_loss": -11.509212493896484, "backward/nominal_loss": -11.509206771850586, "backward/regularizer_loss": 0.0, "backward/is_mean": 0.9999995827674866, "backward/is_max": 0.9999995231628418, "backward/is_min": 0.9999995231628418, "backward/nominal_preds_max": 3.7211872694342674e-08, "backward/nominal_preds_min": 3.7211872694342674e-08, "backward/nominal_preds_mean": 3.721187624705635e-08, "backward/expert_preds_max": 0.9999841451644897, "backward/expert_preds_min": 3.7211872694342674e-08, "backward/expert_preds_mean": 0.874452531337738, "backward/kl_old_new": 0.04324191436171532, "backward/kl_new_old": -2.6913160589003837e-09, "backward/early_stop_itr": 20, "_timestamp": 1656590653, "_runtime": 6640, "_step": 79, "_wandb": {"runtime": 6642}}